Model,Accuracy,Sensitivity,Specificity,Prevalence
Random Forest,0.8446005267778753,0.9644412191582002,0.34493192133131617,0.8065554580040971
Logistic Regression,0.7338603425559947,0.7380952380952381,0.7192982456140351,0.7747035573122529
